{
  "interview_type": "good",
  "total_score": 43.69999999999999,
  "question_count": 50,
  "average_score": 0.8739999999999998,
  "topics_covered": [
    [
      "Java Variables",
      "Exception Chaining"
    ],
    [
      "Java Methods",
      "Method Parameters and Arguments"
    ],
    [
      "Java Methods",
      "Method Overriding"
    ],
    [
      "Java Methods",
      "Method Chaining"
    ],
    [
      "Java Classes and Objects",
      "Method Overloading and Overriding"
    ],
    [
      "Java File Handling",
      "File Input and Output Streams:"
    ],
    [
      "Java Methods",
      "Method Scope and Access Modifiers"
    ],
    [
      "Java Interfaces",
      "Sub-topic: Implementing Interfaces"
    ],
    [
      "Java Multithreading",
      "Thread Creation and Execution:"
    ],
    [
      "Java Variables",
      "ArrayList"
    ],
    [
      "Java Multithreading",
      "Deadlock and Starvation:"
    ],
    [
      "Java Multithreading",
      "Thread States and Lifecycle:"
    ],
    [
      "Java Abstraction",
      "Real-life Examples of Abstraction"
    ],
    [
      "Java Methods",
      "Method Parameters: Pass-by-Value"
    ],
    [
      "Java Variables",
      "Variable Constants"
    ],
    [
      "Java Methods",
      "Method Declaration and Syntax"
    ],
    [
      "Java Variables",
      "Multiple catch Blocks"
    ],
    [
      "Java Variables",
      "The try-catch-finally Block"
    ],
    [
      "Java control structures",
      "Enhanced for Loop"
    ],
    [
      "Java Interfaces",
      "Sub-topic: Inheritance and Interfaces"
    ],
    [
      "Java Multithreading",
      "Thread Synchronization:"
    ],
    [
      "Java Interfaces",
      "Sub-topic: Benefits of Interfaces"
    ],
    [
      "Java File Handling",
      "File Navigation and Manipulation:"
    ],
    [
      "Java File Handling",
      "Reading a File:"
    ],
    [
      "Java Multithreading",
      "Thread Safety:"
    ],
    [
      "Java Arrays",
      "Sub-topic: Declaring and Initializing Arrays"
    ],
    [
      "Java Multithreading",
      "Introduction to Multithreading:"
    ],
    [
      "Java Interfaces",
      "Sub-topic: Static Methods in Interfaces"
    ],
    [
      "Java Multithreading",
      "Thread Communication:"
    ],
    [
      "Java File Handling",
      "File Permissions and Security:"
    ],
    [
      "Java Inheritance",
      "Sub-topic: Abstract Classes and Inheritance in Java"
    ],
    [
      "Java File Handling",
      "File Handling Best Practices:"
    ],
    [
      "Java File Handling",
      "File Locking:"
    ],
    [
      "Java File Handling",
      "File Metadata:"
    ],
    [
      "Java Arrays",
      "Sub-topic: Array Initialization with Values"
    ],
    [
      "Java Interfaces",
      "Sub-topic: Interface Segregation Principle"
    ],
    [
      "Java Classes and Objects",
      "Object Serialization and Deserialization"
    ],
    [
      "Java Variables",
      "Variable Assignment and Manipulation"
    ],
    [
      "Java Arrays",
      "Sub-topic: Accessing Array Elements"
    ],
    [
      "Java Variables",
      "Exception Handling Best Practices"
    ],
    [
      "Java control structures",
      "Loops: do-while Loop"
    ],
    [
      "Java Variables",
      "Variable Scope and Lifetime"
    ],
    [
      "Java Variables",
      "Variable Initialization and Default Values"
    ],
    [
      "Java Variables",
      "Stack"
    ],
    [
      "Java Variables",
      "Variable Casting"
    ],
    [
      "Java Variables",
      "Exception Propagation"
    ],
    [
      "Java Variables",
      "Variable Scope"
    ],
    [
      "Java Interfaces",
      "Sub-topic: Default Methods in Interfaces"
    ],
    [
      "Java Arrays",
      "Sub-topic: Array Searching and Sorting Algorithms"
    ],
    [
      "Java File Handling",
      "File Serialization:"
    ]
  ],
  "difficulty_changes": [
    {
      "question": 1,
      "old_difficulty": "medium",
      "new_difficulty": "easy",
      "score": 0.5
    },
    {
      "question": 2,
      "old_difficulty": "easy",
      "new_difficulty": "medium",
      "score": 1.0
    },
    {
      "question": 3,
      "old_difficulty": "medium",
      "new_difficulty": "hard",
      "score": 0.9
    }
  ],
  "session_duration": 362.94359,
  "avg_time_per_question": 7.174874559999999
}