[
  {
    "question_number": 1,
    "question": "Can a private method be accessed from outside the class in which it is defined?",
    "answer": "Yes, a private method can be accessed from outside the class in which it is defined. Private methods are only accessible within the same class, but they can be accessed through getters and setters. Getters and setters are public methods that allow you to get and set the value of a private variable. For example, if you have a private variable called \"name\", you can create a public getter method called \"getName()\" to get the value of the \"name\" variable. You can also create a public setter method called \"setName()\" to set the value of the \"name\" variable.",
    "correct_answer": "No, a private method cannot be accessed from outside the class in which it is defined. Private methods are only accessible within the same class.",
    "score": 0.5,
    "feedback": "The student's answer is partially correct. It correctly states that private methods are only accessible within the same class. However, it incorrectly states that private methods can be accessed from outside the class through getters and setters. Getters and setters are public methods that allow you to get and set the value of a private variable, but they do not allow you to access the private method itself.",
    "topic": "Java Methods",
    "subtopic": "Method Scope and Access Modifiers",
    "difficulty": "easy",
    "time_taken": 8.953033,
    "was_review": true
  },
  {
    "question_number": 2,
    "question": "What is the difference between the waiting state and the timed waiting state in Java thread lifecycle?\n    Answer: In the waiting state, a thread is waiting for a specific condition to be satisfied, while in the timed waiting state, the thread is waiting for a specific condition to be satisfied within a specified timeout period.?",
    "answer": "In the waiting state, a thread is waiting for a specific condition to be satisfied, while in the timed waiting state, the thread is waiting for a specific condition to be satisfied within a specified timeout period. The timed waiting state is useful when you want to limit the amount of time a thread waits for a condition to be satisfied. If the condition is not satisfied within the specified timeout period, the thread will exit the timed waiting state and continue execution.",
    "correct_answer": "In the waiting state, a thread is waiting for a specific condition to be satisfied, while in the timed waiting state, the thread is waiting for a specific condition to be satisfied within a specified timeout period. The timed waiting state is useful when you want to limit the amount of time a thread waits for a condition to be satisfied. If the condition is not satisfied within the specified timeout period, the thread will exit the timed waiting state and continue execution.",
    "score": 1.0,
    "feedback": "The answer is completely correct and provides a clear explanation of the difference between the waiting state and the timed waiting state in the Java thread lifecycle. Specifically, it mentions that in the waiting state, a thread waits for a specific condition to be satisfied, while in the timed waiting state, a thread waits for a specific condition to be satisfied within a specified timeout period. The answer also correctly states that the timed waiting state is useful when you want to limit the amount of time a thread waits for a condition to be satisfied.",
    "topic": "Java Multithreading",
    "subtopic": "Thread States and Lifecycle:",
    "difficulty": "medium",
    "time_taken": 9.710195,
    "was_review": false
  },
  {
    "question_number": 3,
    "question": "What are the advantages of using FileReader and FileWriter for handling character data compared to FileInputStream and FileOutputStream?\n    Response:?",
    "answer": "Response: FileReader and FileWriter provide several advantages for handling character data over FileInputStream and FileOutputStream. FileReader and FileWriter operate at the character level rather than the byte level, making them more convenient for reading and writing text-based content. They also offer higher-level methods specifically designed for character data manipulation, such as readLine() and writeLine(), which simplify common text file operations. Additionally, FileReader and FileWriter handle character encoding, making them more reliable for cross-platform file handling. However, it's important to note that these advantages come at the cost of performance, as character-level operations can be slower than byte-level operations.",
    "correct_answer": "FileReader and FileWriter offer several advantages for handling character data compared to FileInputStream and FileOutputStream. They operate at the character level, making them more convenient for reading and writing text-based content. They also provide higher-level methods specifically designed for character data manipulation, such as readLine() and writeLine(), which simplify common text file operations. Additionally, FileReader and FileWriter handle character encoding, making them more reliable for cross-platform file handling. One potential drawback is that these advantages come at the cost of performance, as character-level operations can be slower than byte-level operations.",
    "score": 0.9,
    "feedback": "The answer accurately describes the advantages of using FileReader and FileWriter for handling character data compared to FileInputStream and FileOutputStream. It correctly mentions that FileReader and FileWriter operate at the character level, provide higher-level methods for text file operations, and handle character encoding. The mention of performance trade-offs is also relevant. However, the answer could have provided more specific examples of the advantages mentioned.",
    "topic": "Java File Handling",
    "subtopic": "File Input and Output Streams:",
    "difficulty": "hard",
    "time_taken": 8.030593,
    "was_review": false
  },
  {
    "question_number": 4,
    "question": "How can we use file metadata to organize and manage files?",
    "answer": "File metadata can assist with file organization and management by offering crucial information about the files. For instance, the \"name\" metadata allows us to quickly identify files, and the \"size\" metadata helps us understand their storage requirements. The \"creation date\" and \"last modified date\" metadata are valuable for tracking file history and determining which files require updates.\n\nHowever, it's important to note that file metadata is limited to basic information about the files. It does not provide any insights into the file's contents, which can be a significant limitation for more complex file management tasks. Additionally, file metadata is typically stored within the file system itself, which can make it difficult to manage and update across different systems.",
    "correct_answer": "File metadata is crucial for organizing and managing files effectively. It provides valuable information about files, such as their name, size, creation date, and last modified date. This information allows us to quickly identify files, determine their storage requirements, and track file history. By leveraging file metadata, we can establish efficient file management systems that enable easy retrieval, organization, and maintenance of files. However, it's important to note that file metadata is limited to basic information about the files. It does not provide insights into the file's contents, which can be a significant limitation for more complex file management tasks. Additionally, file metadata is typically stored within the file system itself, which can make it difficult to manage and update across different systems. To overcome these limitations, we can consider using additional file management techniques, such as database-driven file management systems or cloud-based file storage services, which offer more advanced features for file organization and management.",
    "score": 0.8,
    "feedback": "The answer is mostly correct and covers the relevant points related to file metadata and its role in file organization and management. However, it lacks a clear explanation of how file metadata can be used in practice for specific tasks. Additionally, it correctly mentions the limitations of file metadata but does not provide any suggestions for how to overcome these limitations.",
    "topic": "Java File Handling",
    "subtopic": "File Metadata:",
    "difficulty": "hard",
    "time_taken": 7.992984,
    "was_review": false
  },
  {
    "question_number": 5,
    "question": "How can we ensure that the classes being serialized are serializable in Java?",
    "answer": "To make sure that classes can be serialized in Java, we first need to implement the Serialization interface. Then, we can use an ObjectOutputStream to write the object to a file using the write() method. When deserializing an object, we use an ObjectInputStream to read the object from the file using the read() method. This ensures that the classes being serialized are compatible with the serialization process.",
    "correct_answer": "To ensure that classes can be serialized in Java, they need to implement the Serializable interface. Then, an ObjectOutputStream can be used to write the object to a file using the writeObject() method. When deserializing an object, an ObjectInputStream can be used to read the object from the file using the readObject() method. This ensures that the classes being serialized are compatible with the serialization process.",
    "score": 0.3,
    "feedback": "The student's answer is partially correct. They correctly identified that classes need to implement the Serializable interface to be serialized. However, they incorrectly stated that the Serialization interface should be implemented instead of the Serializable interface. Additionally, they mentioned the use of write() and read() methods for serialization and deserialization, which are not the correct methods for file serialization in Java. The correct methods are writeObject() and readObject().",
    "topic": "Java File Handling",
    "subtopic": "File Serialization:",
    "difficulty": "hard",
    "time_taken": 6.25101,
    "was_review": true
  },
  {
    "question_number": 6,
    "question": "How does object serialization help in distributed systems?",
    "answer": "**Answer:**\n\nIn distributed systems, object serialization is essential for communication between different components. It allows objects to be sent over the network as streams of bytes, making it possible to share data between different nodes. This is particularly useful for remote method invocation, where objects are passed as parameters or return values. By serializing objects, distributed systems can ensure that data is transmitted in a consistent and efficient manner, regardless of the underlying network or hardware.",
    "correct_answer": "**Answer:**\n\nIn distributed systems, object serialization is essential for communication between different components. It allows objects to be sent over the network as streams of bytes, making it possible to share data between different nodes. This is particularly useful for remote method invocation, where objects are passed as parameters or return values. By serializing objects, distributed systems can ensure that data is transmitted in a consistent and efficient manner, regardless of the underlying network or hardware.",
    "score": 1.0,
    "feedback": "The answer is correct and provides a good explanation of how object serialization helps in distributed systems. It correctly states that object serialization allows objects to be sent over the network as streams of bytes, making it possible to share data between different nodes. It also mentions that this is particularly useful for remote method invocation, where objects are passed as parameters or return values. Overall, the answer is well-written and demonstrates a good understanding of the topic.",
    "topic": "Java Classes and Objects",
    "subtopic": "Object Serialization and Deserialization",
    "difficulty": "hard",
    "time_taken": 6.072593,
    "was_review": false
  },
  {
    "question_number": 7,
    "question": "What are some advanced security-related operations that can be performed in Java?\n    Response:?",
    "answer": "Response: Java provides advanced security-related operations through classes like FilePermission and SecurityManager. FilePermission allows for granular control over file access, enabling the specification of permissions for specific actions (read, write, execute) by specific entities (users, groups). SecurityManager provides a framework for implementing custom security policies, allowing developers to define and enforce security checks for various operations, such as file access, network communication, and system property manipulation. These classes empower developers with the flexibility to implement robust security measures tailored to their specific requirements.",
    "correct_answer": "Java provides advanced security-related operations through classes like FilePermission and SecurityManager. FilePermission allows for granular control over file access, enabling the specification of permissions for specific actions (read, write, execute) by specific entities (users, groups). SecurityManager provides a framework for implementing custom security policies, allowing developers to define and enforce security checks for various operations, such as file access, network communication, and system property manipulation. These classes empower developers with the flexibility to implement robust security measures tailored to their specific requirements.",
    "score": 0.9,
    "feedback": "The answer correctly mentions the FilePermission and SecurityManager classes, and their roles in performing advanced security-related operations. It accurately describes how FilePermission enables granular control over file access permissions, while SecurityManager provides a framework for implementing custom security policies. The answer also highlights the flexibility offered by these classes in implementing robust security measures.",
    "topic": "Java File Handling",
    "subtopic": "File Permissions and Security:",
    "difficulty": "hard",
    "time_taken": 6.852854,
    "was_review": false
  },
  {
    "question_number": 8,
    "question": "Can local variables be accessed outside the method or block where they are declared?\n    Response:?",
    "answer": "Response: No, local variables can only be accessed within the method or block where they are declared. They are not accessible outside that scope.",
    "correct_answer": "Response: No, local variables can only be accessed within the method or block where they are declared. They are not accessible outside that scope.",
    "score": 1.0,
    "feedback": "The student's answer is correct and concise. It accurately states that local variables can only be accessed within the method or block where they are declared.",
    "topic": "Java Variables",
    "subtopic": "Variable Scope",
    "difficulty": "hard",
    "time_taken": 4.570725,
    "was_review": false
  },
  {
    "question_number": 9,
    "question": "?",
    "answer": "To read a file in Java, we first create a File object with the file path. Then, we use FileReader or BufferedReader to read the file's contents. FileReader reads characters, while BufferedReader reads lines, which is more efficient for large files. We can use methods like read(), readLine(), or read(char[]) to read the file's contents. It's important to handle exceptions like FileNotFoundException and IOException when reading a file to ensure proper error handling.",
    "correct_answer": "N/A (since the answer was already correct)",
    "score": 1.0,
    "feedback": "The student's answer is completely correct and covers all the key points mentioned in the reference passage. They correctly describe the process of reading a file in Java, including creating a File object, using FileReader or BufferedReader, and handling exceptions.",
    "topic": "Java File Handling",
    "subtopic": "Reading a File:",
    "difficulty": "hard",
    "time_taken": 8.352655,
    "was_review": false
  },
  {
    "question_number": 10,
    "question": "How can we release a file lock in Java?",
    "answer": "To release a file lock in Java, you can use the release() method of the FileLock object. For example:\n\n```java\nFileChannel channel = FileChannel.open(Paths.get(\"file.txt\"));\nFileLock lock = channel.lock();\n...\nlock.release();\n```",
    "correct_answer": "To release a file lock in Java, you can use the release() method of the FileLock object. For example:\n\n```java\nFileChannel channel = FileChannel.open(Paths.get(\"file.txt\"));\nFileLock lock = channel.lock();\n...\nlock.release();\n```\n\nFile locking is a mechanism used to prevent multiple processes or threads from accessing or modifying a file simultaneously. Java provides the FileChannel class and the lock() and tryLock() methods to implement file locking. We can obtain an exclusive lock on a file using the lock() method, which prevents other processes or threads from accessing the file until the lock is released. We can also obtain a shared lock on a file using the tryLock() method, which allows multiple processes or threads to read the file simultaneously but prevents them from modifying it. File locking is useful for ensuring data consistency and preventing race conditions when multiple processes or threads are accessing the same file.",
    "score": 0.8,
    "feedback": "The answer is correct and provides a clear and concise explanation of how to release a file lock in Java using the release() method of the FileLock object. The code example is also correct and demonstrates how to use the method in practice. However, the answer could be improved by providing more context and explaining why file locking is important and how it is used in practice.",
    "topic": "Java File Handling",
    "subtopic": "File Locking:",
    "difficulty": "hard",
    "time_taken": 7.032883,
    "was_review": false
  },
  {
    "question_number": 11,
    "question": "How does abstraction help in creating modular and extensible code in Java?",
    "answer": "Abstraction in Java plays a crucial role in creating modular and extensible code. By focusing on the essential characteristics of an object and hiding unnecessary details, abstraction allows developers to design code that is easier to understand, maintain, and extend.\n\nModular code is composed of independent, self-contained units or modules. Abstraction enables the creation of modular code by encapsulating functionality within abstract classes and interfaces. This allows different parts of the code to be developed and maintained separately, reducing coupling and making it easier to make changes or add new features.\n\nExtensibility refers to the ability of code to be easily extended or modified to meet changing requirements. Abstraction supports extensibility by providing a framework for defining and implementing new functionality. For example, an abstract class can define a common interface for a group of related classes, allowing new classes to be added without modifying the existing code.\n\nBy following best practices for abstraction, such as choosing the appropriate level of abstraction, using meaningful names, and regularly reviewing and refactoring the code, developers can create modular and extensible code that is easy to understand, maintain, and adapt to evolving requirements.",
    "correct_answer": "Abstraction in Java plays a crucial role in creating modular and extensible code. By focusing on the essential characteristics of an object and hiding unnecessary details, abstraction allows developers to design code that is easier to understand, maintain, and extend.\n\nModular code is composed of independent, self-contained units or modules. Abstraction enables the creation of modular code by encapsulating functionality within abstract classes and interfaces. This allows different parts of the code to be developed and maintained separately, reducing coupling and making it easier to make changes or add new features.\n\nExtensibility refers to the ability of code to be easily extended or modified to meet changing requirements. Abstraction supports extensibility by providing a framework for defining and implementing new functionality. For example, an abstract class can define a common interface for a group of related classes, allowing new classes to be added without modifying the existing code.\n\nTo create effective and maintainable abstractions, it is important to follow best practices such as:\n\n* Choosing the appropriate level of abstraction: Over-abstraction can lead to unnecessary complexity, while under-abstraction can result in code duplication.\n* Using meaningful names for abstract classes, interfaces, and their methods to improve code readability.\n* Regularly reviewing and refactoring the abstraction to ensure it remains relevant and aligned with the evolving needs of the system.\n\nBy following these best practices, developers can create modular and extensible code that is easy to understand, maintain, and adapt to evolving requirements.",
    "score": 0.8,
    "feedback": "The student's answer is mostly correct and covers the key points of how abstraction helps in creating modular and extensible code in Java. However, it could be improved by providing more specific examples and discussing best practices for abstraction, such as choosing the appropriate level of abstraction and using meaningful names.",
    "topic": "Java Abstraction",
    "subtopic": "Real-life Examples of Abstraction",
    "difficulty": "hard",
    "time_taken": 10.37653,
    "was_review": false
  },
  {
    "question_number": 12,
    "question": "How can you use the \"Arrays.binarySearch()\" method to find the position of a target element in a sorted array?\n    Response:?",
    "answer": "To use the \"Arrays.binarySearch()\" method, you must provide a sorted array and the target element you are searching for as parameters. The method will efficiently find the position of the target element in the sorted array and return its index. If the element is not found, the method returns a negative value. For example:\n\n```java\nint[] sortedArray = {1, 3, 5, 7, 9, 11, 13, 15};\nint targetElement = 9;\n\nint index = Arrays.binarySearch(sortedArray, targetElement);\n\nif (index >= 0) {\n  System.out.println(\"The target element is found at index \" + index);\n} else {\n  System.out.println(\"The target element is not found\");\n}\n```\n\nIn this example, the \"Arrays.binarySearch()\" method will find the target element \"9\" in the sorted array \"sortedArray\" and return its index, which is 4.",
    "correct_answer": "N/A",
    "score": 1.0,
    "feedback": "The response accurately describes how to use the \"Arrays.binarySearch()\" method to find the position of a target element in a sorted array. It correctly states that the method takes a sorted array and a target element as parameters and returns the index of the target element if found, or a negative value if not found. The example code provided is also correct and demonstrates the usage of the method.",
    "topic": "Java Arrays",
    "subtopic": "Sub-topic: Array Searching and Sorting Algorithms",
    "difficulty": "hard",
    "time_taken": 7.819619,
    "was_review": false
  },
  {
    "question_number": 13,
    "question": "How can exception chaining be used to provide more detailed error information to the calling code?\n    Answer: Exception chaining allows developers to wrap the original exception in a new exception with a more descriptive message, providing more context to the calling code.?",
    "answer": "Exception chaining provides more detailed error information to the calling code by allowing developers to create a chain of exceptions. Each exception in the chain represents a different level of the error, with the original exception as the cause. The calling code can then access the original exception using the getCause() method, enabling further analysis and more accurate error handling. This process helps in providing more context to the calling code, making it easier to diagnose and fix issues.",
    "correct_answer": "Exception chaining allows developers to wrap the original exception in a new exception with a more descriptive message, providing more context to the calling code. By creating a chain of exceptions, each exception represents a different level of the error, with the original exception as the cause. The calling code can then access the original exception using the getCause() method, enabling further analysis and more accurate error handling. This process helps in providing more context to the calling code, making it easier to diagnose and fix issues.",
    "score": 0.8,
    "feedback": "The student's answer is mostly correct and provides some additional details about exception chaining. However, it could be improved by explicitly mentioning that the original exception is wrapped in a new exception with a more descriptive message, which is a key aspect of exception chaining. Additionally, the answer could benefit from providing a specific example of how exception chaining can be used in practice.",
    "topic": "Java Variables",
    "subtopic": "Exception Chaining",
    "difficulty": "hard",
    "time_taken": 8.662828,
    "was_review": false
  },
  {
    "question_number": 14,
    "question": "How can using parameters and arguments in methods enhance code reusability?",
    "answer": "Using parameters and arguments in methods can enhance code reusability because it allows for the same method to be used with different inputs. By defining parameters in the method declaration and passing arguments when calling the method, we can vary the values being processed without the need to rewrite the entire method. This makes our code more adaptable and flexible, as we can use a single method to perform different tasks based on the arguments passed. However, it's important to note that parameters and arguments are not the same thing. Parameters are the placeholders defined in the method declaration, while arguments are the actual values passed when calling the method.",
    "correct_answer": "Using parameters and arguments in methods can enhance code reusability because it allows for the same method to be used with different inputs. By defining parameters in the method declaration and passing arguments when calling the method, we can vary the values being processed without the need to rewrite the entire method. This makes our code more adaptable and flexible, as we can use a single method to perform different tasks based on the arguments passed.",
    "score": 0.8,
    "feedback": "The student's answer correctly explains how parameters and arguments enhance code reusability by allowing the same method to be used with different inputs. The answer also correctly clarifies the distinction between parameters and arguments. However, the answer could be improved by providing more specific examples of how using parameters and arguments can benefit code reusability. Additionally, the answer could be more concise by removing unnecessary details.",
    "topic": "Java Methods",
    "subtopic": "Method Parameters and Arguments",
    "difficulty": "hard",
    "time_taken": 6.628593,
    "was_review": false
  },
  {
    "question_number": 15,
    "question": "How does the exception handling mechanism work in Java when there are multiple catch blocks?",
    "answer": "In Java, when there are multiple catch blocks after a try block, the exception handling mechanism works as follows:\n\n1. The try block is executed.\n2. If an exception is thrown within the try block, the program flow moves to the first catch block that matches the exception type.\n3. The catch block that matches the exception type is executed.\n4. If no catch block matches the exception type, the program flow moves to the next outer try-catch block or terminates if there is none.\n\nIt is important to note that catch blocks should be ordered from the most specific exception type to the most general. This ensures that the catch blocks are evaluated in the correct order and prevents catching more general exception types before specific ones.",
    "correct_answer": "The answer provided is already the complete correct answer.",
    "score": 1.0,
    "feedback": "The answer is completely correct. It accurately describes how the exception handling mechanism works in Java when there are multiple catch blocks. The answer also mentions the importance of ordering catch blocks from the most specific to the most general exception type.",
    "topic": "Java Variables",
    "subtopic": "Multiple catch Blocks",
    "difficulty": "hard",
    "time_taken": 6.480282,
    "was_review": false
  },
  {
    "question_number": 16,
    "question": "What is the purpose of the assignment operator (=) in Java?",
    "answer": "In Java, the assignment operator (=) is used to assign a value to a variable. By using the assignment operator, you can store data in a variable and manipulate it as needed within your program. For example, the code int x = 10; assigns the value 10 to the variable x. This allows you to use the value stored in x for further calculations or operations within your code.",
    "correct_answer": "In Java, the assignment operator (=) is used to assign a value to a variable. By using the assignment operator, you can store data in a variable and manipulate it as needed within your program. For example, the code int x = 10; assigns the value 10 to the variable x. This allows you to use the value stored in x for further calculations or operations within your code.",
    "score": 1.0,
    "feedback": "The answer is completely correct and well-written. It accurately describes the purpose of the assignment operator in Java and provides a clear example of its usage.",
    "topic": "Java Variables",
    "subtopic": "Stack",
    "difficulty": "hard",
    "time_taken": 5.586334,
    "was_review": false
  },
  {
    "question_number": 17,
    "question": "How can starvation be mitigated in multithreaded applications?",
    "answer": "Starvation occurs when threads are unable to access resources due to biased scheduling. To mitigate this issue, thread priorities can be used to ensure fairness. Additionally, proper lock ordering and timeouts can help prevent starvation by ensuring that threads don't wait indefinitely for resources.",
    "correct_answer": "Starvation occurs when a thread is unable to gain access to shared resources or CPU time due to the unfair scheduling of threads. This can happen if a thread with a higher priority continuously acquires resources, leaving lower priority threads waiting indefinitely. Starvation can be mitigated by using fair locks, thread priorities, or other scheduling mechanisms provided by the Java concurrency framework. Additionally, proper lock ordering and timeouts can help prevent starvation by ensuring that threads don't wait indefinitely for resources.",
    "score": 0.8,
    "feedback": "The student's answer is mostly correct. They correctly identify thread priorities and proper lock ordering as mechanisms to mitigate starvation. However, they do not mention timeouts, which is also an important technique to prevent starvation. Additionally, the student does not provide any specific details about how thread priorities or proper lock ordering can help mitigate starvation.",
    "topic": "Java Multithreading",
    "subtopic": "Deadlock and Starvation:",
    "difficulty": "hard",
    "time_taken": 8.078422,
    "was_review": false
  },
  {
    "question_number": 18,
    "question": "How does the concept of pass-by-value affect the manipulation of arguments within a method?",
    "answer": "In Java, pass-by-value means that a copy of the actual argument value is passed to the method's parameter, and any changes made to the parameter within the method do not affect the original argument value. This ensures that the original value remains unchanged, preventing unexpected side effects. By using pass-by-value, we can protect the original values from unintended modifications while allowing the method to operate on a copy of the data.",
    "correct_answer": "In Java, pass-by-value means that a copy of the actual argument value is passed to the method's parameter, and any changes made to the parameter within the method do not affect the original argument value. This ensures that the original value remains unchanged, preventing unexpected side effects. For example, if we pass an integer variable to a method and modify its value within the method, the original integer variable outside the method will remain unchanged. By using pass-by-value, we can protect the original values from unintended modifications while allowing the method to operate on a copy of the data.",
    "score": 0.8,
    "feedback": "The answer is mostly correct, but it could be improved by more clearly explaining the concept of pass-by-value. The answer correctly states that pass-by-value means a copy of the actual argument value is passed to the method's parameter, but it does not fully explain how this affects the manipulation of arguments within a method. A more complete explanation would include an example of how changes made to the parameter within the method do not affect the original argument value.",
    "topic": "Java Methods",
    "subtopic": "Method Parameters: Pass-by-Value",
    "difficulty": "hard",
    "time_taken": 7.323628,
    "was_review": false
  },
  {
    "question_number": 19,
    "question": "How do local variables differ from instance variables in terms of scope and lifetime?\n    Response: Local variables are created when a method or block is entered and destroyed when it is exited, while instance variables exist as long as the object they belong to.?",
    "answer": "Local variables differ from instance variables in terms of both scope and lifetime. Local variables have a limited scope, meaning they can only be accessed within the method or block in which they are declared. Instance variables, on the other hand, have a wider scope and can be accessed from any method or block within the class. In terms of lifetime, local variables are created when the method or block is entered and destroyed when it is exited. Instance variables, however, have a longer lifetime and exist as long as the object they belong to.",
    "correct_answer": "Local variables differ from instance variables in terms of both scope and lifetime. Local variables have a limited scope, meaning they can only be accessed within the method or block in which they are declared. Instance variables, on the other hand, have a wider scope and can be accessed from any method or block within the class. In terms of lifetime, local variables are created when the method or block is entered and destroyed when it is exited. Instance variables, however, have a longer lifetime and exist as long as the object they belong to.",
    "score": 1.0,
    "feedback": "The student's answer is completely correct and covers all aspects of the question. They accurately describe the differences in scope and lifetime between local and instance variables.",
    "topic": "Java Variables",
    "subtopic": "Variable Scope and Lifetime",
    "difficulty": "hard",
    "time_taken": 8.175096,
    "was_review": false
  },
  {
    "question_number": 20,
    "question": "What are some strategies to achieve proper synchronization in multithreaded Java applications?",
    "answer": "There are several effective strategies to ensure proper synchronization in multithreaded Java applications:\n\n1. **Using Locks**: Locks provide a mechanism to control access to shared resources, preventing multiple threads from modifying the same data simultaneously. The synchronized keyword can be used to create a lock on a method or block of code, ensuring that only one thread can execute it at a time.\n\n2. **Synchronized Collections**: Java provides thread-safe collections, such as ConcurrentHashMap and CopyOnWriteArrayList, which internally handle synchronization to ensure data integrity. These collections can be used to store shared data, eliminating the need for explicit locking.\n\n3. **Atomic Variables**: Atomic variables, such as AtomicInteger and AtomicBoolean, provide a way to update shared variables in a thread-safe manner. These variables guarantee that updates are performed atomically, ensuring that only a single thread can modify the variable at any given time.\n\n4. **Semaphores**: Semaphores are used to control access to a limited number of resources. A semaphore has a counter that represents the number of available resources, and threads must acquire a permit from the semaphore before accessing the resources. This ensures that only the specified number of threads can access the resources at any given time.\n\n5. **Wait and Notify**: The wait() and notify() methods can be used to implement synchronization between threads. The wait() method causes the calling thread to wait until it is notified by another thread, while the notify() method notifies a single waiting thread to resume execution. This allows threads to coordinate their execution and avoid race conditions.",
    "correct_answer": "There are several effective strategies to ensure proper synchronization in multithreaded Java applications:\n\n1. **Using Locks**: Locks provide a mechanism to control access to shared resources, preventing multiple threads from modifying the same data simultaneously. The synchronized keyword can be used to create a lock on a method or block of code, ensuring that only one thread can execute it at a time. For example, consider the following code:\n\n```java\npublic class SynchronizedCounter {\n    private int count;\n\n    public synchronized void increment() {\n        count++;\n    }\n}\n```\n\nIn this example, the increment() method is synchronized, which means that only one thread can execute it at a time. This ensures that the count variable is updated atomically, preventing race conditions.\n\n2. **Synchronized Collections**: Java provides thread-safe collections, such as ConcurrentHashMap and CopyOnWriteArrayList, which internally handle synchronization to ensure data integrity. These collections can be used to store shared data, eliminating the need for explicit locking. For example:\n\n```java\nConcurrentHashMap<String, Integer> map = new ConcurrentHashMap<>();\n```\n\nIn this example, the ConcurrentHashMap is thread-safe, which means that multiple threads can access and modify it without the need for additional synchronization.\n\n3. **Atomic Variables**: Atomic variables, such as AtomicInteger and AtomicBoolean, provide a way to update shared variables in a thread-safe manner. These variables guarantee that updates are performed atomically, ensuring that only a single thread can modify the variable at any given time. For example:\n\n```java\nAtomicInteger counter = new AtomicInteger();\n```\n\nIn this example, the counter variable is atomic, which means that multiple threads can increment it without the risk of race conditions.\n\n4. **Semaphores**: Semaphores are used to control access to a limited number of resources. A semaphore has a counter that represents the number of available resources, and threads must acquire a permit from the semaphore before accessing the resources. This ensures that only the specified number of threads can access the resources at any given time. For example:\n\n```java\nSemaphore semaphore = new Semaphore(5);\n```\n\nIn this example, the semaphore is initialized with a value of 5, which means that only 5 threads can access the protected resources at any given time.\n\n5. **Wait and Notify**: The wait() and notify() methods can be used to implement synchronization between threads. The wait() method causes the calling thread to wait until it is notified by another thread, while the notify() method notifies a single waiting thread to resume execution. This allows threads to coordinate their execution and avoid race conditions. For example:\n\n```java\npublic class ProducerConsumer {\n    private Queue<Object> queue;\n\n    public void produce() {\n        synchronized (queue) {\n            while (queue.isFull()) {\n                queue.wait();\n            }\n            queue.add(new Object());\n            queue.notify();\n        }\n    }\n\n    public void consume() {\n        synchronized (queue) {\n            while (queue.isEmpty()) {\n                queue.wait();\n            }\n            queue.remove();\n            queue.notify();\n        }\n    }\n}\n```\n\nIn this example, the wait() and notify() methods are used to synchronize the producer and consumer threads, ensuring that the producer thread does not add items to the queue when it is full, and the consumer thread does not remove items from the queue when it is empty.",
    "score": 0.8,
    "feedback": "The answer is mostly correct and covers several important strategies for achieving proper synchronization in multithreaded Java applications. However, it could benefit from providing more details and examples for each strategy. Additionally, it should mention the importance of avoiding deadlocks when using locks and semaphores.",
    "topic": "Java Multithreading",
    "subtopic": "Thread Safety:",
    "difficulty": "hard",
    "time_taken": 16.972082,
    "was_review": false
  },
  {
    "question_number": 21,
    "question": "Can you provide an example of initializing an array with specific values in Java?",
    "answer": "Yes, here's an example of initializing an array with specific values in Java:\n\n```java\nint[] myArray = {1, 2, 3};\n```\n\nIn this example, we create an array of integers named `myArray` and initialize it with values 1, 2, and 3. The values are enclosed in curly braces and separated by commas. This allows us to create and initialize the array in a single line of code.",
    "correct_answer": "The student's answer is the correct answer.",
    "score": 1.0,
    "feedback": "The student's answer is correct and provides a concise and accurate example of initializing an array with specific values in Java. It follows the reference passage's guidelines and demonstrates a clear understanding of the concept.",
    "topic": "Java Arrays",
    "subtopic": "Sub-topic: Array Initialization with Values",
    "difficulty": "hard",
    "time_taken": 5.195026,
    "was_review": false
  },
  {
    "question_number": 22,
    "question": "What is the default value for reference types like String and ArrayList in Java?",
    "answer": "In Java, reference types like String and ArrayList are initialized to null by default. This means that they do not point to any object. It is important to explicitly initialize reference variables to avoid null pointer exceptions and other errors.",
    "correct_answer": "In Java, reference types like String and ArrayList are initialized to null by default. This means that they do not point to any object. It is important to explicitly initialize reference variables to avoid null pointer exceptions and other errors.",
    "score": 1.0,
    "feedback": "The answer is completely correct and covers all key points of the reference passage. It accurately describes the default value for reference types like String and ArrayList in Java, which is null, and emphasizes the importance of explicit initialization to avoid errors.",
    "topic": "Java Variables",
    "subtopic": "Variable Initialization and Default Values",
    "difficulty": "hard",
    "time_taken": 4.743419,
    "was_review": false
  },
  {
    "question_number": 23,
    "question": "What happens if you try to access an element in an array using an index that is outside the valid range?",
    "answer": "Attempting to access an element outside the valid range of an array can result in a \"BoundsOutOfArrayException\". This error occurs when the index used to access the element is less than 0 or greater than the length of the array minus 1. To avoid this exception, it's important to ensure that the index is within the valid range of the array. One way to do this is to use a \"for\" loop to iterate over the elements in the array and perform operations on them.",
    "correct_answer": "Attempting to access an element in an array using an index that is outside the valid range can result in a \"BoundsOutOfArrayException\". This error occurs when the index used to access the element is less than 0 or greater than the length of the array minus 1. To avoid this exception, it's important to ensure that the index is within the valid range of the array.",
    "score": 0.5,
    "feedback": "The student's answer is mostly correct. They correctly state that attempting to access an element outside the valid range of an array can result in a \"BoundsOutOfArrayException\". However, the answer is not complete. The student does not mention that the exception occurs when the index is less than 0 or greater than the length of the array minus 1. Additionally, the student suggests using a \"for\" loop to iterate over the elements in the array and perform operations on them, which is not directly related to the question.",
    "topic": "Java Arrays",
    "subtopic": "Sub-topic: Accessing Array Elements",
    "difficulty": "hard",
    "time_taken": 7.275891,
    "was_review": true
  },
  {
    "question_number": 24,
    "question": "Can a subclass override a method defined in its superclass without changing its signature?\n    Response:?",
    "answer": "Response: Yes, a subclass can override a method defined in its superclass without changing its signature. Method overriding allows the subclass to provide its own implementation of the inherited method while maintaining the same method name, return type, and parameter list. This enables polymorphism, where different subclasses can have different implementations of the same method, allowing for flexible and extensible code.",
    "correct_answer": "Yes, a subclass can override a method defined in its superclass without changing its signature. Method overriding allows the subclass to provide its own implementation of the inherited method while maintaining the same method name, return type, and parameter list. This enables polymorphism, where different subclasses can have different implementations of the same method, allowing for flexible and extensible code.",
    "score": 1.0,
    "feedback": "The response correctly states that a subclass can override a method defined in its superclass without changing its signature. It explains the concept of method overriding and its role in polymorphism. The answer is concise, accurate, and relevant to the question.",
    "topic": "Java Methods",
    "subtopic": "Method Overriding",
    "difficulty": "hard",
    "time_taken": 5.973893,
    "was_review": false
  },
  {
    "question_number": 25,
    "question": "How can method chaining be used to create a more concise and readable code structure?",
    "answer": "Method chaining eliminates the need for intermediate variables by allowing multiple methods to be called in sequence, with each method returning an object on which the next method is invoked. This results in a more concise and readable code structure because it allows for a more direct and straightforward flow of operations. For example, instead of writing:\n\n```java\nUser user = new User();\nuser.setName(\"John Doe\");\nuser.setEmail(\"john.doe@example.com\");\n```\n\nWe can use method chaining to write:\n\n```java\nUser user = new User()\n    .setName(\"John Doe\")\n    .setEmail(\"john.doe@example.com\");\n```\n\nThe latter code is more concise and easier to read because it eliminates the need for intermediate variables and allows for a more direct flow of operations.",
    "correct_answer": "This answer is correct and complete.",
    "score": 1.0,
    "feedback": "The answer is correct and complete. It accurately describes how method chaining can be used to create a more concise and readable code structure by eliminating the need for intermediate variables. The answer also provides a clear example of how method chaining can be used in practice.",
    "topic": "Java Methods",
    "subtopic": "Method Chaining",
    "difficulty": "hard",
    "time_taken": 6.167036,
    "was_review": false
  },
  {
    "question_number": 26,
    "question": "Can variable names in Java contain special characters other than underscore?",
    "answer": "No, variable names in Java cannot contain special characters other than the underscore (_).",
    "correct_answer": "No, variable names in Java cannot contain special characters other than the underscore (_).",
    "score": 1.0,
    "feedback": "The student's answer is completely correct. It accurately states that variable names in Java cannot contain special characters other than the underscore (_). The reference passage confirms this point by stating that \"variables should not start with a digit and should not contain special characters except for underscore (_).\" This passage also provides additional information about Java's variable naming conventions, such as using camel case and avoiding reserved keywords. However, these details are not relevant to the specific question asked.",
    "topic": "Java Variables",
    "subtopic": "ArrayList",
    "difficulty": "hard",
    "time_taken": 4.65129,
    "was_review": false
  },
  {
    "question_number": 27,
    "question": "Can a class implement multiple interfaces in Java? If yes, how does this contribute to code reusability?",
    "answer": "Yes, a class in Java can implement multiple interfaces. By implementing multiple interfaces, a class can inherit the methods and variables defined in those interfaces. This contributes to code reusability because it allows multiple classes to share the same functionality without having to duplicate the code. For example, if we have an interface `Shape` with methods `draw()` and `getArea()`, and we have two classes `Circle` and `Rectangle` that both implement the `Shape` interface, both classes will have the `draw()` and `getArea()` methods. This way, we can use the same code to draw and calculate the area of both circles and rectangles without having to write separate code for each class.",
    "correct_answer": "The provided answer is a good and complete answer.",
    "score": 1.0,
    "feedback": "The answer is correct and complete. It accurately describes how a class in Java can implement multiple interfaces and how this contributes to code reusability. The student understands the concept of interface implementation and its benefits.",
    "topic": "Java Interfaces",
    "subtopic": "Sub-topic: Interface Segregation Principle",
    "difficulty": "hard",
    "time_taken": 5.999105,
    "was_review": false
  },
  {
    "question_number": 28,
    "question": "What is the difference between default and static methods in interfaces?",
    "answer": "Default and static methods in interfaces are introduced in Java 8 to enhance the functionality and flexibility of interfaces. Default methods allow interfaces to define method implementations, which can be overridden by implementing classes. This enables the addition of new methods to existing interfaces without breaking backward compatibility. Static methods, on the other hand, are defined within the interface itself and cannot be overridden by implementing classes. They are primarily used to provide utility methods or constants related to the interface.",
    "correct_answer": "The student's answer is complete and accurate.",
    "score": 1.0,
    "feedback": "The student's answer is correct and comprehensive. It accurately describes the difference between default and static methods in Java 8 and their purpose in enhancing the functionality and flexibility of interfaces. The answer also correctly states that default methods can be overridden by implementing classes, while static methods cannot.",
    "topic": "Java Interfaces",
    "subtopic": "Sub-topic: Benefits of Interfaces",
    "difficulty": "hard",
    "time_taken": 5.181693,
    "was_review": false
  },
  {
    "question_number": 29,
    "question": "How would you initialize an array of strings with values \"apple\", \"banana\", and \"orange\" at the time of declaration in Java?",
    "answer": "To initialize an array of strings with values \"apple\", \"banana\", and \"orange\" at the time of declaration in Java, you can use the following syntax:\n\n```java\nString[] myArray = {\"apple\", \"banana\", \"orange\"};\n```\n\nHere, the string values are enclosed in curly braces and separated by commas. The array is initialized with these values at the time of declaration, so you don't need to assign values to each element individually later.",
    "correct_answer": "The student's answer is correct and does not need any improvement.",
    "score": 1.0,
    "feedback": "The student's answer is correct and complete. It provides an example with a syntax and explanation for initializing an array of strings with values at the time of declaration in Java. The answer accurately reflects the information provided in the reference passage and follows the strict scoring guidelines for a good interview type.",
    "topic": "Java Arrays",
    "subtopic": "Sub-topic: Declaring and Initializing Arrays",
    "difficulty": "hard",
    "time_taken": 6.276031,
    "was_review": false
  },
  {
    "question_number": 30,
    "question": "How does method overloading contribute to code reuse and flexibility in Java?",
    "answer": "Method overloading contributes to code reuse and flexibility in Java by allowing us to define multiple methods with the same name but different parameters. This means that we can use the same method name to perform different operations on different types of data. For example, we could have a method called \"add\" that takes two integers and returns their sum, and another method called \"add\" that takes two strings and returns their concatenation. This allows us to write more concise and reusable code, as we don't have to create separate methods for each different type of data.",
    "correct_answer": "The answer provided is already complete and accurate. No further improvement is necessary.",
    "score": 1.0,
    "feedback": "The answer is completely correct. It accurately describes how method overloading contributes to code reuse and flexibility in Java by allowing multiple methods with the same name but different parameters. It provides a clear example of how this feature can be used to perform different operations on different types of data, making the code more concise and reusable.",
    "topic": "Java Classes and Objects",
    "subtopic": "Method Overloading and Overriding",
    "difficulty": "hard",
    "time_taken": 5.500228,
    "was_review": false
  },
  {
    "question_number": 31,
    "question": "What are the potential risks of explicit casting in Java?\n    Response:?",
    "answer": "Response: Explicit casting in Java, also called narrowing conversion, involves changing a variable from a larger data type to a smaller one. While it can be useful for specific scenarios, it comes with potential risks. One issue with explicit casting is that it can lead to data truncation. For example, if you try to cast a double value to an integer, the fractional part will be lost, resulting in a loss of precision. Additionally, explicit casting can cause data overflow if the target data type is not large enough to accommodate the value being cast. For instance, casting a large integer to a byte can result in an overflow error. To avoid these risks, it's important to carefully consider the data types involved and ensure that the cast is appropriate for the given situation.",
    "correct_answer": "Explicit casting in Java, also called narrowing conversion, involves changing a variable from a larger data type to a smaller one. While it can be useful for specific scenarios, it comes with potential risks. One issue with explicit casting is that it can lead to data truncation. For example, if you try to cast a double value to an integer, the fractional part will be lost, resulting in a loss of precision. Additionally, explicit casting can cause data overflow if the target data type is not large enough to accommodate the value being cast. For instance, casting a large integer to a byte can result in an overflow error. To avoid these risks, it's important to carefully consider the data types involved and ensure that the cast is appropriate for the given situation.",
    "score": 0.8,
    "feedback": "The answer is mostly correct, but it does not mention the potential for data overflow when casting to a smaller data type. The answer also does not provide any examples of data truncation or data overflow, which would have been helpful.",
    "topic": "Java Variables",
    "subtopic": "Variable Casting",
    "difficulty": "hard",
    "time_taken": 7.434599,
    "was_review": false
  },
  {
    "question_number": 32,
    "question": "How does the evaluation of the condition in a while loop differ from the evaluation in a do-while loop?",
    "answer": "In a while loop, the condition is assessed before each loop iteration. However, in a do-while loop, the condition is evaluated after the loop body has been executed. This means that the do-while loop will always execute its body at least once, even if the condition is false. In a while loop, if the condition is false at the start, the loop body will never be executed.",
    "correct_answer": "In a while loop, the condition is assessed before each loop iteration. However, in a do-while loop, the condition is evaluated after the loop body has been executed. This means that the do-while loop will always execute its body at least once, even if the condition is false. In a while loop, if the condition is false at the start, the loop body will never be executed.",
    "score": 0.8,
    "feedback": "The student's answer is correct. It accurately describes how the evaluation of the condition in a while loop differs from the evaluation in a do-while loop. The student correctly states that in a while loop, the condition is assessed before each loop iteration, while in a do-while loop, the condition is evaluated after the loop body has been executed. This means that the do-while loop will always execute its body at least once, even if the condition is false. In a while loop, if the condition is false at the start, the loop body will never be executed.",
    "topic": "Java control structures",
    "subtopic": "Loops: do-while Loop",
    "difficulty": "hard",
    "time_taken": 7.207134,
    "was_review": false
  },
  {
    "question_number": 33,
    "question": "?",
    "answer": "File navigation and manipulation in Java involve using the File class to perform operations on files and directories. Methods like list() and listFiles() can be used to retrieve a list of files and directories within a specified directory. To create a new directory, the mkdir() method can be employed. Deleting files or directories can be achieved using the delete() method, while renaming files or directories can be done with the renameTo() method. It's important to handle exceptions like SecurityException during these operations for proper error handling.",
    "correct_answer": "N/A",
    "score": 1.0,
    "feedback": "The student's answer is correct and provides a comprehensive overview of file navigation and manipulation in Java. It accurately describes the methods available in the File class, such as list(), listFiles(), mkdir(), delete(), and renameTo(), and their respective functions. The answer also highlights the importance of exception handling, particularly SecurityException, during these operations.",
    "topic": "Java File Handling",
    "subtopic": "File Navigation and Manipulation:",
    "difficulty": "hard",
    "time_taken": 6.588617,
    "was_review": false
  },
  {
    "question_number": 34,
    "question": "How does multithreading improve the performance of a Java program?",
    "answer": "Multithreading improves the performance of a Java program by allowing multiple tasks to run concurrently. By dividing tasks into smaller units of execution, multithreading enables better utilization of available system resources. This is especially beneficial in applications that involve intensive computations or I/O operations, where threads can be used to perform different tasks simultaneously, improving overall efficiency and responsiveness.",
    "correct_answer": "Multithreading improves the performance of a Java program by enabling multiple tasks to run concurrently. By dividing tasks into smaller units of execution, multithreading allows better utilization of available system resources. This is especially beneficial in applications that involve intensive computations or I/O operations, where threads can be used to perform different tasks simultaneously, improving overall efficiency and responsiveness. However, multithreading also introduces challenges such as thread synchronization, resource sharing, and deadlock prevention, which need to be carefully addressed to ensure the correctness and reliability of the application.",
    "score": 0.8,
    "feedback": "The student's answer is mostly correct and demonstrates a good understanding of how multithreading improves Java program performance. It correctly states that multithreading allows multiple tasks to run concurrently, improving resource utilization and overall efficiency. However, it could be improved by mentioning the concept of thread synchronization and its importance in managing shared resources and preventing deadlocks.",
    "topic": "Java Multithreading",
    "subtopic": "Introduction to Multithreading:",
    "difficulty": "hard",
    "time_taken": 8.29476,
    "was_review": false
  },
  {
    "question_number": 35,
    "question": "Answer:?",
    "answer": "Answer: Constants in Java are immutable variables whose values can't be modified after they are initialized. They are declared using the const keyword. Constants are useful for storing values that do not change during the execution of the program, such as mathematical constants or configuration settings. For example, const double PI = 3.14159; declares a constant named PI with a value of 3.14159. By convention, constant names are written in uppercase letters with underscores separating words, such as MAX_VALUE or DEFAULT_COLOR. Using constants improves code readability and allows for easy modification of constant values.",
    "correct_answer": "Constants in Java are immutable variables whose values can't be modified after they are initialized. They are declared using the final keyword and are static by default. Constants are useful for storing values that do not change during the execution of the program, such as mathematical constants or configuration settings. For example, final double PI = 3.14159; declares a constant named PI with a value of 3.14159. By convention, constant names are written in uppercase letters with underscores separating words, such as MAX_VALUE or DEFAULT_COLOR. Using constants improves code readability and allows for easy modification of constant values.",
    "score": 0.5,
    "feedback": "The answer is mostly correct, but it contains a few inaccuracies. The student correctly defines constants in Java as immutable variables and explains their purpose. However, the student incorrectly states that constants are declared using the const keyword, while in Java, they are declared using the final keyword. Additionally, the student does not mention that constants are static by default, which is an important aspect of constants in Java.",
    "topic": "Java Variables",
    "subtopic": "Variable Constants",
    "difficulty": "hard",
    "time_taken": 6.593096,
    "was_review": true
  },
  {
    "question_number": 36,
    "question": "What are the potential consequences of not properly synchronizing threads in Java?",
    "answer": "Not properly synchronizing threads in Java can lead to several potential consequences that can compromise the correctness and reliability of the application.\n\nOne major issue is data inconsistency. When multiple threads access shared data concurrently without proper synchronization, they can overwrite or corrupt the data, resulting in unexpected outcomes. For example, if two threads try to update the same bank account balance simultaneously, one of the updates may be lost or overwritten, leading to incorrect account information.\n\nAnother consequence is race conditions. These occur when the outcome of a program depends on the timing and interleaving of thread execution. In the absence of proper synchronization, it becomes difficult to predict the order in which threads will execute, leading to unpredictable and potentially erroneous behavior.\n\nAdditionally, unsynchronized threads can cause deadlocks. This occurs when two or more threads wait indefinitely for each other to release a lock, resulting in a standstill situation. Deadlocks can severely impact the performance and responsiveness of the application.\n\nTo address these issues and ensure the proper execution of multithreaded programs, it is crucial to implement synchronization mechanisms such as locks and semaphores. These mechanisms allow threads to coordinate their access to shared resources, preventing data inconsistency, race conditions, and deadlocks.",
    "correct_answer": "Not properly synchronizing threads in Java can lead to several potential consequences that can compromise the correctness and reliability of the application.\n\nOne major issue is data inconsistency. When multiple threads access shared data concurrently without proper synchronization, they can overwrite or corrupt the data, resulting in unexpected outcomes. For example, if two threads try to update the same bank account balance simultaneously, one of the updates may be lost or overwritten, leading to incorrect account information.\n\nAnother consequence is race conditions. These occur when the outcome of a program depends on the timing and interleaving of thread execution. In the absence of proper synchronization, it becomes difficult to predict the order in which threads will execute, leading to unpredictable and potentially erroneous behavior.\n\nAdditionally, unsynchronized threads can cause deadlocks. This occurs when two or more threads wait indefinitely for each other to release a lock, resulting in a standstill situation. Deadlocks can severely impact the performance and responsiveness of the application.\n\nTo address these issues and ensure the proper execution of multithreaded programs, it is crucial to implement synchronization mechanisms such as locks and semaphores. These mechanisms allow threads to coordinate their access to shared resources, preventing data inconsistency, race conditions, and deadlocks.",
    "score": 1.0,
    "feedback": "The student's answer is an excellent and comprehensive explanation of the potential consequences of not properly synchronizing threads in Java. It correctly identifies data inconsistency, race conditions, and deadlocks as major issues that can arise in the absence of proper synchronization. The answer also provides a clear explanation of how these issues can compromise the correctness and reliability of the application. The student's answer demonstrates a good understanding of the topic and is well-written and organized.",
    "topic": "Java Multithreading",
    "subtopic": "Thread Synchronization:",
    "difficulty": "hard",
    "time_taken": 10.273381,
    "was_review": false
  },
  {
    "question_number": 37,
    "question": "?",
    "answer": "**Answer:**\n\nMethods are crucial in Java for organizing code into reusable chunks. To declare them, you start with the access specifier and return type, followed by the method name and parameters. The return type indicates the value the method will produce, or \"void\" if it doesn't return anything. However, the method name doesn't have to follow the camel case convention. Inside the parentheses, you define arguments that the method takes, specifying their data types and names. These arguments are passed to the method for processing. The method's body is enclosed within square brackets and contains the code that executes when the method is invoked. Methods can be defined within classes, interfaces, or other methods, depending on their purpose.",
    "correct_answer": "Methods are crucial in Java for organizing code into reusable chunks. To declare them, you start with the access specifier and return type, followed by the method name and parameters. The return type indicates the value the method will produce, or \"void\" if it doesn't return anything. The method name should follow the camel case convention and describe the purpose of the method. Inside the parentheses, you define arguments that the method takes, specifying their data types and names. These arguments are passed to the method for processing. The method's body is enclosed within square brackets and contains the code that executes when the method is invoked. Methods can be defined within classes, interfaces, or other methods, depending on their purpose.",
    "score": 0.8,
    "feedback": "The answer is mostly correct, but it contains a minor error. It correctly explains the purpose of methods in Java, the syntax for declaring them, and the use of access specifiers, return types, method names, parameters, and the method body. However, it incorrectly states that the method name doesn't have to follow the camel case convention. In Java, it is a common practice to use camel case for method names.",
    "topic": "Java Methods",
    "subtopic": "Method Declaration and Syntax",
    "difficulty": "hard",
    "time_taken": 7.110655,
    "was_review": false
  },
  {
    "question_number": 38,
    "question": "What happens if an exception is not caught and handled within the current method in Java?\n    Answer: The exception will propagate up the call stack to the next method in the call hierarchy.?",
    "answer": "If an exception is not caught and handled within the current method in Java, it will propagate up the call stack to the next method in the call hierarchy. This means that the calling method can choose to catch and handle the exception or let it propagate further up the call stack.",
    "correct_answer": "If an exception is not caught and handled within the current method in Java, it will propagate up the call stack to the next method in the call hierarchy. This means that the calling method can choose to catch and handle the exception or let it propagate further up the call stack.",
    "score": 1.0,
    "feedback": "The student's answer is completely correct and aligns with the reference passage. It accurately states that if an exception is not caught and handled within the current method in Java, it will propagate up the call stack to the next method in the call hierarchy. The student also correctly explains that the calling method can choose to catch and handle the exception or let it propagate further up the call stack.",
    "topic": "Java Variables",
    "subtopic": "Exception Propagation",
    "difficulty": "hard",
    "time_taken": 7.109761,
    "was_review": false
  },
  {
    "question_number": 39,
    "question": "What is the purpose of manipulating variables in Java?\n    Response:\n    To perform calculations and modify the values of variables based on specific operations?",
    "answer": "**Partially Incorrect Answer (0.3-0.5/1.0):**\n\nManipulating variables in Java is essential for modifying their values and performing calculations. The assignment operator (=) is used to assign initial values to variables. However, the true purpose of variable manipulation is to alter these values based on specific operations. Java provides a range of operators, including +, -, *, /, and %, to perform mathematical operations on variables. Additionally, shorthand operators like +=, -=, *=, and /= can simplify variable manipulation by combining an operation and assignment in a single statement. Understanding variable manipulation is crucial for effective data storage and performing complex calculations in Java programs.",
    "correct_answer": "Manipulating variables in Java is essential for altering their values and performing calculations based on specific operations. Java provides a range of operators, including +, -, *, /, and %, to perform mathematical operations on variables. Additionally, shorthand operators like +=, -=, *=, and /= can simplify variable manipulation by combining an operation and assignment in a single statement. Understanding variable manipulation is crucial for effective data storage and performing complex calculations in Java programs.",
    "score": 0.4,
    "feedback": "The answer correctly mentions that manipulating variables involves modifying their values, but it does not provide a complete understanding of the purpose of variable manipulation in Java. The response focuses primarily on the assignment of values to variables and the use of operators for mathematical calculations, which is only one aspect of variable manipulation. A more comprehensive answer should emphasize the importance of variable manipulation for storing data effectively, performing complex calculations, and controlling program flow.",
    "topic": "Java Variables",
    "subtopic": "Variable Assignment and Manipulation",
    "difficulty": "hard",
    "time_taken": 7.90814,
    "was_review": true
  },
  {
    "question_number": 40,
    "question": "Can a subclass override the fields and methods inherited from its superclass?",
    "answer": "Yes, a subclass can override the fields and methods inherited from its superclass. Method overriding allows the subclass to provide its own implementation of a method inherited from the superclass. Field overriding, on the other hand, is not directly supported in Java. Instead, the subclass can define a new field with the same name as the inherited field, but with a different value. This effectively \"overrides\" the inherited field's value within the subclass.",
    "correct_answer": "Yes, a subclass can override the fields and methods inherited from its superclass. Method overriding allows the subclass to provide its own implementation of a method inherited from the superclass. Field overriding, on the other hand, is not directly supported in Java. Instead, the subclass can define a new field with the same name as the inherited field, but with a different value. This effectively \"overrides\" the inherited field's value within the subclass.",
    "score": 0.9,
    "feedback": "The answer is mostly correct and covers the key points. It correctly states that a subclass can override methods inherited from the superclass, and it briefly explains how field overriding works in Java. However, it could have provided a more detailed explanation of field overriding and mentioned that it is not directly supported in Java.",
    "topic": "Java Inheritance",
    "subtopic": "Sub-topic: Abstract Classes and Inheritance in Java",
    "difficulty": "hard",
    "time_taken": 6.14885,
    "was_review": false
  },
  {
    "question_number": 41,
    "question": "Can a class implement an interface in Java without providing an implementation for all the methods defined in the interface?",
    "answer": "Yes, a class can implement an interface in Java without providing an implementation for all the methods defined in the interface. This is known as a \"partial implementation.\" The class can declare that it implements the interface, but it can leave some or all of the method implementations abstract. This allows the class to inherit the interface's contract and to provide implementations for only the methods that it needs. The abstract methods must be implemented in subclasses of the class.",
    "correct_answer": "Yes, a class can implement an interface in Java without providing an implementation for all the methods defined in the interface. This is known as a \"partial implementation.\" The class can declare that it implements the interface, but it can leave some or all of the method implementations abstract. This allows the class to inherit the interface's contract and to provide implementations for only the methods that it needs. The abstract methods must be implemented in subclasses of the class.",
    "score": 1.0,
    "feedback": "The student's answer is correct and provides a good explanation of partial implementation in Java.",
    "topic": "Java Interfaces",
    "subtopic": "Sub-topic: Implementing Interfaces",
    "difficulty": "hard",
    "time_taken": 5.964195,
    "was_review": false
  },
  {
    "question_number": 42,
    "question": "How can using try-with-resources help in file handling?",
    "answer": "Using try-with-resources in file handling helps ensure that resources are automatically closed, even in the event of an exception. This prevents resource leaks, where resources are not properly closed and can lead to errors or system instability. By using try-with-resources, developers can write code that is more concise and less error-prone.",
    "correct_answer": "Using try-with-resources in file handling helps ensure that resources are automatically closed, even in the event of an exception. This prevents resource leaks, where resources are not properly closed and can lead to errors or system instability. By using try-with-resources, developers can write code that is more concise and less error-prone.",
    "score": 0.8,
    "feedback": "The answer is mostly correct. It correctly states that using try-with-resources helps ensure that resources are automatically closed, even in the event of an exception. This prevents resource leaks, where resources are not properly closed and can lead to errors or system instability. However, the answer could have further elaborated on the benefits of using try-with-resources, such as making code more concise and less error-prone.",
    "topic": "Java File Handling",
    "subtopic": "File Handling Best Practices:",
    "difficulty": "hard",
    "time_taken": 5.795369,
    "was_review": false
  },
  {
    "question_number": 43,
    "question": "What is the difference between an \"Error\" and an \"Exception\" in Java?\n    Response:?",
    "answer": "Response: An \"Error\" and an \"Exception\" are two types of exceptions. Errors are more severe than Exceptions and usually cannot be recovered from. They are often caused by system-level issues, such as out-of-memory errors. Exceptions, on the other hand, are less severe and can be handled programmatically. They are usually caused by user-level issues, such as invalid input or attempting to access a null object.",
    "correct_answer": "An \"Error\" and an \"Exception\" are two types of exceptions. Errors are more severe than Exceptions and usually cannot be recovered from. They are often caused by system-level issues, such as out-of-memory errors or internal JVM errors. Exceptions, on the other hand, are less severe and can be handled programmatically. They are usually caused by user-level issues, such as invalid input or attempting to access a null object.",
    "score": 0.8,
    "feedback": "The answer is mostly correct, but it does not mention that Errors are typically thrown by the Java Virtual Machine (JVM) while Exceptions are typically thrown by the application code.",
    "topic": "Java Variables",
    "subtopic": "Exception Handling Best Practices",
    "difficulty": "hard",
    "time_taken": 6.373274,
    "was_review": false
  },
  {
    "question_number": 44,
    "question": "What is the purpose of using thread synchronization mechanisms like locks and condition variables in multithreaded Java applications?",
    "answer": "Thread synchronization mechanisms in Java, such as locks and condition variables, are crucial for coordinating access to shared resources among multiple threads and ensuring the correctness and reliability of multithreaded applications. By using locks, threads can acquire exclusive access to shared resources, preventing concurrent modifications and data corruption. Condition variables allow threads to wait until a specific condition is met before proceeding, enabling efficient resource sharing and preventing deadlocks. Implementing proper thread synchronization is essential to avoid race conditions, deadlocks, and other concurrency issues that can compromise the integrity of the application.",
    "correct_answer": "The purpose of using thread synchronization mechanisms like locks and condition variables in multithreaded Java applications is to coordinate access to shared resources among multiple threads and ensure the correctness and reliability of multithreaded applications. By using locks, threads can acquire exclusive access to shared resources, preventing concurrent modifications and data corruption. Condition variables allow threads to wait until a specific condition is met before proceeding, enabling efficient resource sharing and preventing deadlocks. Implementing proper thread synchronization is essential to avoid race conditions, deadlocks, and other concurrency issues that can compromise the integrity of the application.",
    "score": 1.0,
    "feedback": "The answer is correct and complete. It provides a clear and concise explanation of the purpose of using thread synchronization mechanisms in Java multithreaded applications, including the importance of preventing concurrent modifications and data corruption, enabling efficient resource sharing, and avoiding race conditions and deadlocks.",
    "topic": "Java Multithreading",
    "subtopic": "Thread Communication:",
    "difficulty": "hard",
    "time_taken": 7.039258,
    "was_review": false
  },
  {
    "question_number": 45,
    "question": "What are the consequences of not implementing all the methods defined in an interface?\n    Answer: If a class does not implement all the methods defined in an interface, it will fail to compile in Java.?",
    "answer": "If a class does not implement all the methods defined in an interface, it will not compile successfully in Java. Interfaces provide a contract that classes must adhere to, and failure to implement all the methods defined in the interface violates this contract. This leads to compilation errors, preventing the class from being created. However, it's important to note that interfaces support partial implementation, where a class can implement some but not all methods defined in an interface. In such cases, the class is required to implement at least one method to avoid compilation errors.",
    "correct_answer": "If a class does not implement all the methods defined in an interface, it will fail to compile in Java. Interfaces provide a contract that classes must adhere to, and failure to implement all the methods defined in the interface violates this contract. This leads to compilation errors, preventing the class from being created. However, it's important to note that interfaces support partial implementation, where a class can implement some but not all methods defined in an interface. In such cases, the class is required to implement at least one method to avoid compilation errors.",
    "score": 0.8,
    "feedback": "The student's answer is mostly correct, but it could be improved by providing more details about the consequences of not implementing all the methods in an interface. The answer correctly states that the class will not compile successfully, but it does not explain why. Additionally, the answer does not mention that the class can implement some but not all methods defined in an interface, which is an important point to note.",
    "topic": "Java Interfaces",
    "subtopic": "Sub-topic: Inheritance and Interfaces",
    "difficulty": "hard",
    "time_taken": 8.380235,
    "was_review": false
  },
  {
    "question_number": 46,
    "question": "Can default methods be called directly on an object of the implementing class?\n    Answer: Yes, default methods can be called directly on an object of the implementing class.?",
    "answer": "Yes, default methods can be called directly on an object of the implementing class. This is because default methods are implemented as part of the interface, so they are available to any class that implements the interface. To call a default method directly on an object, use the following syntax:\n\n```java\nobject_name.method_name();\n```\n\nFor example, if you have an interface called `MyInterface` with a default method called `myMethod`, you can call the method directly on an object of a class that implements `MyInterface` like this:\n\n```java\nMyInterface object = new MyInterfaceImpl();\nobject.myMethod();\n```",
    "correct_answer": "Yes, default methods can be called directly on an object of the implementing class. This is because default methods are implemented as part of the interface, so they are available to any class that implements the interface. To call a default method directly on an object, use the following syntax:\n\n```java\nobject_name.method_name();\n```\n\nFor example, if you have an interface called `MyInterface` with a default method called `myMethod`, you can call the method directly on an object of a class that implements `MyInterface` like this:\n\n```java\nMyInterface object = new MyInterfaceImpl();\nobject.myMethod();\n```",
    "score": 1.0,
    "feedback": "The answer is correct and provides a clear and concise explanation of how to call default methods directly on an object of the implementing class. It also provides a code example for clarity.",
    "topic": "Java Interfaces",
    "subtopic": "Sub-topic: Default Methods in Interfaces",
    "difficulty": "hard",
    "time_taken": 7.940566,
    "was_review": false
  },
  {
    "question_number": 47,
    "question": "Can static methods in interfaces access instance-specific data?",
    "answer": "No, static methods in interfaces cannot access instance-specific data. This is because static methods are not associated with any specific instance of the interface, and therefore do not have access to instance-specific data. Static methods are primarily used for utility or helper methods that are related to the interface but do not require any instance-specific data.",
    "correct_answer": "No, static methods in interfaces cannot access instance-specific data. This is because static methods are not associated with any specific instance of the interface, and therefore do not have access to instance-specific data. Static methods are primarily used for utility or helper methods that are related to the interface but do not require any instance-specific data.",
    "score": 1.0,
    "feedback": "The student's answer is completely correct. It accurately states that static methods in interfaces cannot access instance-specific data because they are not associated with any specific instance of the interface. The answer also correctly explains that static methods are primarily used for utility or helper methods that do not require any instance-specific data.",
    "topic": "Java Interfaces",
    "subtopic": "Sub-topic: Static Methods in Interfaces",
    "difficulty": "hard",
    "time_taken": 5.432444,
    "was_review": false
  },
  {
    "question_number": 48,
    "question": "What are some potential challenges and complexities introduced by multithreading in Java?",
    "answer": "Multithreading in Java introduces several challenges, including **thread synchronization**, which ensures that multiple threads do not interfere with each other's execution. Another challenge is **resource sharing**, where multiple threads may access and modify shared data, leading to conflicts and inconsistencies. Additionally, **deadlock prevention** is crucial to avoid situations where threads are waiting for each other indefinitely, causing the application to freeze. These complexities require careful design and implementation to ensure the correctness and reliability of multithreaded applications.",
    "correct_answer": "Multithreading in Java introduces several challenges and complexities, including thread synchronization, resource sharing, deadlock prevention, and ensuring data consistency. Thread synchronization is crucial to avoid race conditions and other concurrency-related issues that can occur when multiple threads are accessing and modifying shared data concurrently. Resource sharing can also be a challenge, as multiple threads may need to access and modify the same resources, which can lead to conflicts and inconsistencies if not properly managed. Deadlock prevention is also essential, as it can occur when threads are waiting for each other to release locks or resources, causing the application to freeze. Additionally, ensuring data consistency is important to prevent data corruption or inconsistencies when multiple threads are accessing and modifying shared data concurrently. These challenges require careful design and implementation to ensure the correctness and reliability of multithreaded applications.",
    "score": 0.8,
    "feedback": "The student's answer correctly identifies some of the key challenges and complexities introduced by multithreading in Java, including thread synchronization, resource sharing, and deadlock prevention. However, the answer does not provide a comprehensive overview of all the potential challenges and complexities that may arise in multithreaded applications. For example, the answer does not mention the challenge of ensuring data consistency when multiple threads are accessing and modifying shared data concurrently. Additionally, the answer does not provide any specific examples or explanations of how these challenges can impact the correctness and reliability of multithreaded applications.",
    "topic": "Java Multithreading",
    "subtopic": "Thread Creation and Execution:",
    "difficulty": "hard",
    "time_taken": 7.829165,
    "was_review": false
  },
  {
    "question_number": 49,
    "question": "How can we use the for loop to iterate over an array or collection?",
    "answer": "The for loop can be used to iterate over an array or collection by using the elements of the array or collection as the loop variable. For example, the following code iterates over an array of integers and prints each element:\n\n```java\nint[] numbers = {1, 2, 3, 4, 5};\nfor (int number : numbers) {\n  System.out.println(number);\n}\n```\n\nThe above code will print the following output:\n\n```\n1\n2\n3\n4\n5\n```",
    "correct_answer": "The student's answer is already complete and correct, so there is no need for a separate correct answer.",
    "score": 1.0,
    "feedback": "The student's answer is completely correct and demonstrates a clear understanding of how to use the for loop to iterate over an array or collection. The student provides a clear and concise example of how to use the for loop to iterate over an array of integers and print each element. The student also correctly states that the for loop is especially useful when we know the exact number of times we want to repeat a block of code. Overall, the student's answer is excellent and deserves a score of 1.0.",
    "topic": "Java control structures",
    "subtopic": "Enhanced for Loop",
    "difficulty": "hard",
    "time_taken": 6.239443,
    "was_review": false
  },
  {
    "question_number": 50,
    "question": "Can the catch block be omitted if there are no exceptions that need to be handled?",
    "answer": "Yes, the catch block can be omitted if there are no exceptions that need to be handled. This is because the try-catch-finally block is a structured way to handle exceptions, and if there are no exceptions to handle, then the catch block is not necessary. However, the finally block is still required to ensure that the program remains in a consistent state even in the presence of errors.",
    "correct_answer": "Yes, the catch block can be omitted if there are no exceptions that need to be handled. This is because the try-catch-finally block is a structured way to handle exceptions, and if there are no exceptions to handle, then the catch block is not necessary. However, the finally block is still required to ensure that the program remains in a consistent state even in the presence of errors.",
    "score": 1.0,
    "feedback": "The student's answer is completely correct. They understand that the catch block can be omitted if there are no exceptions that need to be handled, and they correctly explain that the finally block is still required to ensure that the program remains in a consistent state.",
    "topic": "Java Variables",
    "subtopic": "The try-catch-finally Block",
    "difficulty": "hard",
    "time_taken": 6.194235,
    "was_review": false
  }
]