{
  "interview_type": "poor",
  "total_score": 12.999999999999998,
  "question_count": 50,
  "average_score": 0.25999999999999995,
  "topics_covered": [
    [
      "Java Variables",
      "Exception Chaining"
    ],
    [
      "Java Abstraction",
      "Best Practices for Abstraction in Java"
    ],
    [
      "Java Variables",
      "HashMap"
    ],
    [
      "Java Methods",
      "Static Methods"
    ],
    [
      "Java Multithreading",
      "Thread Safety Best Practices:"
    ],
    [
      "Java Multithreading",
      "Thread Creation and Execution:"
    ],
    [
      "Java Classes and Objects",
      "Object Comparison and Equality"
    ],
    [
      "Java Multithreading",
      "Thread Pools:"
    ],
    [
      "Java Variables",
      "LinkedHashMap"
    ],
    [
      "Java control structures",
      "Nested Loops"
    ],
    [
      "Java Multithreading",
      "Deadlock and Starvation:"
    ],
    [
      "Java Variables",
      "Variable Constants"
    ],
    [
      "Java Methods",
      "Method Declaration and Syntax"
    ],
    [
      "Java Variables",
      "HashSet"
    ],
    [
      "Java Variables",
      "Multiple catch Blocks"
    ],
    [
      "Java Arrays",
      "Sub-topic: Array Copying and Cloning"
    ],
    [
      "Java Arrays",
      "Sub-topic: Array Searching and Sorting Algorithms"
    ],
    [
      "Java Interfaces",
      "Sub-topic: Inheritance and Interfaces"
    ],
    [
      "Java Variables",
      "Introduction to Java Exception Handling"
    ],
    [
      "Java Methods",
      "Recursive Methods"
    ],
    [
      "Java Multithreading",
      "Thread Synchronization:"
    ],
    [
      "Java Interfaces",
      "Sub-topic: Marker Interfaces"
    ],
    [
      "Java File Handling",
      "Reading a File:"
    ],
    [
      "Java Inheritance",
      "Sub-topic: Hierarchical Inheritance in Java"
    ],
    [
      "Java Arrays",
      "Sub-topic: Declaring and Initializing Arrays"
    ],
    [
      "Java Variables",
      "PriorityQueue"
    ],
    [
      "Java File Handling",
      "File Compression and Decompression:"
    ],
    [
      "Java Abstraction",
      "Abstraction in Object-Oriented Design"
    ],
    [
      "Java File Handling",
      "File Permissions and Security:"
    ],
    [
      "Java Arrays",
      "Sub-topic: Array Initialization with Values"
    ],
    [
      "Java File Handling",
      "File Metadata:"
    ],
    [
      "Java Classes and Objects",
      "Static Members and Static Initialization"
    ],
    [
      "Java Interfaces",
      "Sub-topic: Interface Segregation Principle"
    ],
    [
      "Java Classes and Objects",
      "Object Serialization and Deserialization"
    ],
    [
      "Java Variables",
      "Variable Assignment and Manipulation"
    ],
    [
      "Java Arrays",
      "Sub-topic: Array Length and Bounds Checking"
    ],
    [
      "Java Inheritance",
      "Sub-topic: Super Keyword in Java Inheritance"
    ],
    [
      "Java Classes and Objects",
      "Class Members and Access Modifiers"
    ],
    [
      "Java Methods",
      "Method Return Types"
    ],
    [
      "Java control structures",
      "Loops: while Loop"
    ],
    [
      "Java Methods",
      "Method Overloading"
    ],
    [
      "Java Variables",
      "Stack"
    ],
    [
      "Java Variables",
      "Variable Casting"
    ],
    [
      "Java Variables",
      "Exception Propagation"
    ],
    [
      "Java Classes and Objects",
      "Encapsulation and Data Hiding"
    ],
    [
      "Java Interfaces",
      "Sub-topic: Default Methods in Interfaces"
    ],
    [
      "Java Variables",
      "Variable Scope"
    ],
    [
      "Java Interfaces",
      "Sub-topic: Introduction to Interfaces"
    ],
    [
      "Java Variables",
      "Exception Handling in Practice"
    ],
    [
      "Java Abstraction",
      "Abstract Classes vs Interfaces"
    ]
  ],
  "difficulty_changes": [
    {
      "question": 1,
      "old_difficulty": "medium",
      "new_difficulty": "easy",
      "score": 0.0
    }
  ],
  "session_duration": 403.895297,
  "avg_time_per_question": 7.9940459
}