{
  "good": {
    "average_score": 0.8739999999999998,
    "total_questions": 50,
    "avg_time_per_question": 7.174874559999999,
    "topics_covered": 10,
    "final_difficulty": "hard"
  },
  "mediocre": {
    "average_score": 0.7400000000000003,
    "total_questions": 50,
    "avg_time_per_question": 7.36301288,
    "topics_covered": 12,
    "final_difficulty": "medium"
  },
  "poor": {
    "average_score": 0.25999999999999995,
    "total_questions": 50,
    "avg_time_per_question": 7.9940459,
    "topics_covered": 10,
    "final_difficulty": "easy"
  }
}