{
  "interview_type": "mediocre",
  "total_score": 37.000000000000014,
  "question_count": 50,
  "average_score": 0.7400000000000003,
  "topics_covered": [
    [
      "Java Variables",
      "Exception Chaining"
    ],
    [
      "Java Methods",
      "Method Parameters and Arguments"
    ],
    [
      "Java Inheritance",
      "Sub-topic: Access Modifiers and Inheritance in Java"
    ],
    [
      "Java Variables",
      "HashMap"
    ],
    [
      "Java Abstraction",
      "Best Practices for Abstraction in Java"
    ],
    [
      "Java Methods",
      "Method Chaining"
    ],
    [
      "Java File Handling",
      "File Input and Output Streams:"
    ],
    [
      "Java Methods",
      "Method Scope and Access Modifiers"
    ],
    [
      "Java Multithreading",
      "Thread Creation and Execution:"
    ],
    [
      "Java Multithreading",
      "Thread Pools:"
    ],
    [
      "Java Variables",
      "ArrayList"
    ],
    [
      "Java Variables",
      "Checked and Unchecked Exceptions"
    ],
    [
      "Java control structures",
      "Nested Loops"
    ],
    [
      "Java Multithreading",
      "Deadlock and Starvation:"
    ],
    [
      "Java Multithreading",
      "Thread States and Lifecycle:"
    ],
    [
      "Java Variables",
      "Variable Constants"
    ],
    [
      "Java Methods",
      "Method Declaration and Syntax"
    ],
    [
      "Java control structures",
      "Switch Statements"
    ],
    [
      "Java Variables",
      "HashSet"
    ],
    [
      "Java Variables",
      "Multiple catch Blocks"
    ],
    [
      "Java Arrays",
      "Sub-topic: Array Copying and Cloning"
    ],
    [
      "Java control structures",
      "If-else Statements"
    ],
    [
      "Java control structures",
      "Enhanced for Loop"
    ],
    [
      "Java Interfaces",
      "Sub-topic: Inheritance and Interfaces"
    ],
    [
      "Java Multithreading",
      "Thread Synchronization:"
    ],
    [
      "Java Interfaces",
      "Sub-topic: Marker Interfaces"
    ],
    [
      "Java Interfaces",
      "Sub-topic: Benefits of Interfaces"
    ],
    [
      "Java Variables",
      "Variable Types"
    ],
    [
      "Java Arrays",
      "Sub-topic: Declaring and Initializing Arrays"
    ],
    [
      "Java Variables",
      "Variable Arrays"
    ],
    [
      "Java Variables",
      "PriorityQueue"
    ],
    [
      "Java Polymorphism",
      "Polymorphism and Abstract Classes"
    ],
    [
      "Java Abstraction",
      "Abstraction in Object-Oriented Design"
    ],
    [
      "Java File Handling",
      "File Compression and Decompression:"
    ],
    [
      "Java File Handling",
      "File Permissions and Security:"
    ],
    [
      "Java Inheritance",
      "Sub-topic: Abstract Classes and Inheritance in Java"
    ],
    [
      "Java File Handling",
      "File Locking:"
    ],
    [
      "Java Constructors",
      "Access Modifiers in Constructors"
    ],
    [
      "Java File Handling",
      "File Metadata:"
    ],
    [
      "Java control structures",
      "Return Statements"
    ],
    [
      "Java Interfaces",
      "Sub-topic: Interface Segregation Principle"
    ],
    [
      "Java Classes and Objects",
      "Object Serialization and Deserialization"
    ],
    [
      "Java Inheritance",
      "Sub-topic: Super Keyword in Java Inheritance"
    ],
    [
      "Java Inheritance",
      "Sub-topic: Introduction to Java Inheritance"
    ],
    [
      "Java Methods",
      "Method Return Types"
    ],
    [
      "Java control structures",
      "Loops: while Loop"
    ],
    [
      "Java Variables",
      "Variable Casting"
    ],
    [
      "Java Classes and Objects",
      "Object Cloning and Copying"
    ],
    [
      "Java Classes and Objects",
      "Encapsulation and Data Hiding"
    ],
    [
      "Java Abstraction",
      "Abstract Classes vs Interfaces"
    ]
  ],
  "difficulty_changes": [
    {
      "question": 1,
      "old_difficulty": "medium",
      "new_difficulty": "hard",
      "score": 0.8
    },
    {
      "question": 5,
      "old_difficulty": "hard",
      "new_difficulty": "medium",
      "score": 0.3
    },
    {
      "question": 8,
      "old_difficulty": "medium",
      "new_difficulty": "hard",
      "score": 0.8
    },
    {
      "question": 41,
      "old_difficulty": "hard",
      "new_difficulty": "medium",
      "score": 0.6
    },
    {
      "question": 44,
      "old_difficulty": "medium",
      "new_difficulty": "hard",
      "score": 0.8
    },
    {
      "question": 50,
      "old_difficulty": "hard",
      "new_difficulty": "medium",
      "score": 0.3
    }
  ],
  "session_duration": 372.315097,
  "avg_time_per_question": 7.36301288
}